<?xml version='1.0' encoding='utf-8'?>
<!--
 FreeCAD Document, see http://www.freecadweb.org for more information...
-->
<Document SchemaVersion="4" ProgramVersion="0.16R6712 (Git)" FileVersion="1">
    <Properties Count="13">
        <Property name="Comment" type="App::PropertyString">
            <String value=""/>
        </Property>
        <Property name="Company" type="App::PropertyString">
            <String value=""/>
        </Property>
        <Property name="CreatedBy" type="App::PropertyString">
            <String value=""/>
        </Property>
        <Property name="CreationDate" type="App::PropertyString">
            <String value="2019-05-03T19:57:05-05:00"/>
        </Property>
        <Property name="Id" type="App::PropertyString">
            <String value=""/>
        </Property>
        <Property name="Label" type="App::PropertyString">
            <String value="Elementos"/>
        </Property>
        <Property name="LastModifiedBy" type="App::PropertyString">
            <String value=""/>
        </Property>
        <Property name="LastModifiedDate" type="App::PropertyString">
            <String value="2019-05-03T19:58:46-05:00"/>
        </Property>
        <Property name="License" type="App::PropertyString">
            <String value="All rights reserved"/>
        </Property>
        <Property name="LicenseURL" type="App::PropertyString">
            <String value="http://en.wikipedia.org/wiki/All_rights_reserved"/>
        </Property>
        <Property name="Material" type="App::PropertyMap">
            <Map count="0">
            </Map>
        </Property>
        <Property name="Meta" type="App::PropertyMap">
            <Map count="0">
            </Map>
        </Property>
        <Property name="Uid" type="App::PropertyUUID">
            <Uuid value="1b40d686-3ca1-4434-b38b-8bd8b9592d0b"/>
        </Property>
    </Properties>
    <Objects Count="30">
        <Object type="Part::Cylinder" name="Cylinder127" />
        <Object type="Part::Box" name="Box121" />
        <Object type="Part::Box" name="Box093" />
        <Object type="Part::Cut" name="Cut138" />
        <Object type="Part::MultiFuse" name="Fusion051" />
        <Object type="Part::Cylinder" name="Cylinder" />
        <Object type="Part::Cylinder" name="Cylinder001" />
        <Object type="Part::Cylinder" name="Cylinder004" />
        <Object type="Part::Cut" name="Cut179" />
        <Object type="Part::Cylinder" name="Cylinder005" />
        <Object type="Part::Cut" name="Cut005" />
        <Object type="Part::MultiFuse" name="Fusion066" />
        <Object type="Part::Cylinder" name="Cylinder006" />
        <Object type="Part::Cut" name="Cut006" />
        <Object type="Part::Cylinder" name="Cylinder073" />
        <Object type="Part::Box" name="Box043" />
        <Object type="Part::Box" name="Box044" />
        <Object type="Part::Box" name="Box045" />
        <Object type="Part::MultiFuse" name="Fusion033" />
        <Object type="Part::Cut" name="Cut046" />
        <Object type="Part::Cut" name="Cut047" />
        <Object type="Part::Cylinder" name="Cylinder074" />
        <Object type="Part::Cylinder" name="Cylinder075" />
        <Object type="Part::Cylinder" name="Cylinder076" />
        <Object type="Part::MultiFuse" name="Fusion034" />
        <Object type="Part::Box" name="Box123" />
        <Object type="Part::Box" name="Box124" />
        <Object type="Part::Cylinder" name="Cylinder129" />
        <Object type="Part::MultiFuse" name="Fusion053" />
        <Object type="Part::Cut" name="Cut141" />
    </Objects>
    <ObjectData Count="30">
        <Object name="Cylinder127">
            <Properties Count="7">
                <Property name="Angle" type="App::PropertyAngle">
                    <Float value="360.000000000000"/>
                </Property>
                <Property name="ExpressionEngine" type="App::PropertyExpressionEngine">
                    <ExpressionEngine count="0">
                    </ExpressionEngine>
                </Property>
                <Property name="Height" type="App::PropertyLength">
                    <Float value="10.000000000000"/>
                </Property>
                <Property name="Label" type="App::PropertyString">
                    <String value="Cilindro127"/>
                </Property>
                <Property name="Placement" type="App::PropertyPlacement">
                    <PropertyPlacement Px="-17.500000000000" Py="-40.500000000000" Pz="11.000000000000" Q0="0.000000000000" Q1="0.000000000000" Q2="0.000000000000" Q3="1.000000000000"/>
                </Property>
                <Property name="Radius" type="App::PropertyLength">
                    <Float value="1.200000000000"/>
                </Property>
                <Property name="Shape" type="Part::PropertyPartShape">
                    <Part file="PartShape.brp"/>
                </Property>
            </Properties>
        </Object>
        <Object name="Box121">
            <Properties Count="7">
                <Property name="ExpressionEngine" type="App::PropertyExpressionEngine">
                    <ExpressionEngine count="0">
                    </ExpressionEngine>
                </Property>
                <Property name="Height" type="App::PropertyLength">
                    <Float value="2.000000000000"/>
                </Property>
                <Property name="Label" type="App::PropertyString">
                    <String value="Cubo092"/>
                </Property>
                <Property name="Length" type="App::PropertyLength">
                    <Float value="14.000000000000"/>
                </Property>
                <Property name="Placement" type="App::PropertyPlacement">
                    <PropertyPlacement Px="-29.000000000000" Py="-45.000000000000" Pz="17.000000000000" Q0="0.000000000000" Q1="0.000000000000" Q2="0.000000000000" Q3="1.000000000000"/>
                </Property>
                <Property name="Shape" type="Part::PropertyPartShape">
                    <Part file="PartShape1.brp"/>
                </Property>
                <Property name="Width" type="App::PropertyLength">
                    <Float value="9.000000000000"/>
                </Property>
            </Properties>
        </Object>
        <Object name="Box093">
            <Properties Count="7">
                <Property name="ExpressionEngine" type="App::PropertyExpressionEngine">
                    <ExpressionEngine count="0">
                    </ExpressionEngine>
                </Property>
                <Property name="Height" type="App::PropertyLength">
                    <Float value="2.500000000000"/>
                </Property>
                <Property name="Label" type="App::PropertyString">
                    <String value="Cubo093"/>
                </Property>
                <Property name="Length" type="App::PropertyLength">
                    <Float value="4.000000000000"/>
                </Property>
                <Property name="Placement" type="App::PropertyPlacement">
                    <PropertyPlacement Px="-26.000000000000" Py="-42.000000000000" Pz="15.500000000000" Q0="0.000000000000" Q1="0.000000000000" Q2="0.000000000000" Q3="1.000000000000"/>
                </Property>
                <Property name="Shape" type="Part::PropertyPartShape">
                    <Part file="PartShape2.brp"/>
                </Property>
                <Property name="Width" type="App::PropertyLength">
                    <Float value="3.000000000000"/>
                </Property>
            </Properties>
        </Object>
        <Object name="Cut138">
            <Properties Count="6">
                <Property name="Base" type="App::PropertyLink">
                    <Link value="Box121"/>
                </Property>
                <Property name="ExpressionEngine" type="App::PropertyExpressionEngine">
                    <ExpressionEngine count="0">
                    </ExpressionEngine>
                </Property>
                <Property name="Label" type="App::PropertyString">
                    <String value="Cut138"/>
                </Property>
                <Property name="Placement" type="App::PropertyPlacement">
                    <PropertyPlacement Px="0.000000000000" Py="0.000000000000" Pz="0.000000000000" Q0="0.000000000000" Q1="0.000000000000" Q2="0.000000000000" Q3="1.000000000000"/>
                </Property>
                <Property name="Shape" type="Part::PropertyPartShape">
                    <Part file="PartShape3.brp"/>
                </Property>
                <Property name="Tool" type="App::PropertyLink">
                    <Link value="Cylinder127"/>
                </Property>
            </Properties>
        </Object>
        <Object name="Fusion051">
            <Properties Count="5">
                <Property name="ExpressionEngine" type="App::PropertyExpressionEngine">
                    <ExpressionEngine count="0">
                    </ExpressionEngine>
                </Property>
                <Property name="Label" type="App::PropertyString">
                    <String value="QTR1"/>
                </Property>
                <Property name="Placement" type="App::PropertyPlacement">
                    <PropertyPlacement Px="0.000000000000" Py="0.000000000000" Pz="0.000000000000" Q0="0.000000000000" Q1="0.000000000000" Q2="0.000000000000" Q3="1.000000000000"/>
                </Property>
                <Property name="Shape" type="Part::PropertyPartShape">
                    <Part file="PartShape4.brp"/>
                </Property>
                <Property name="Shapes" type="App::PropertyLinkList">
                    <LinkList count="2">
                        <Link value="Cut138"/>
                        <Link value="Box093"/>
                    </LinkList>
                </Property>
            </Properties>
        </Object>
        <Object name="Cylinder">
            <Properties Count="7">
                <Property name="Angle" type="App::PropertyAngle">
                    <Float value="360.000000000000"/>
                </Property>
                <Property name="ExpressionEngine" type="App::PropertyExpressionEngine">
                    <ExpressionEngine count="0">
                    </ExpressionEngine>
                </Property>
                <Property name="Height" type="App::PropertyLength">
                    <Float value="23.000000000000"/>
                </Property>
                <Property name="Label" type="App::PropertyString">
                    <String value="Cilindro"/>
                </Property>
                <Property name="Placement" type="App::PropertyPlacement">
                    <PropertyPlacement Px="-50.000000000000" Py="-35.000000000000" Pz="9.000000000000" Q0="0.000000000000" Q1="0.707106781187" Q2="0.000000000000" Q3="0.707106781187"/>
                </Property>
                <Property name="Radius" type="App::PropertyLength">
                    <Float value="15.000000000000"/>
                </Property>
                <Property name="Shape" type="Part::PropertyPartShape">
                    <Part file="PartShape5.brp"/>
                </Property>
            </Properties>
        </Object>
        <Object name="Cylinder001">
            <Properties Count="7">
                <Property name="Angle" type="App::PropertyAngle">
                    <Float value="360.000000000000"/>
                </Property>
                <Property name="ExpressionEngine" type="App::PropertyExpressionEngine">
                    <ExpressionEngine count="0">
                    </ExpressionEngine>
                </Property>
                <Property name="Height" type="App::PropertyLength">
                    <Float value="20.000000000000"/>
                </Property>
                <Property name="Label" type="App::PropertyString">
                    <String value="Cilindro001"/>
                </Property>
                <Property name="Placement" type="App::PropertyPlacement">
                    <PropertyPlacement Px="-50.000000000000" Py="-35.000000000000" Pz="9.000000000000" Q0="0.000000000000" Q1="0.707106781187" Q2="0.000000000000" Q3="0.707106781187"/>
                </Property>
                <Property name="Radius" type="App::PropertyLength">
                    <Float value="12.000000000000"/>
                </Property>
                <Property name="Shape" type="Part::PropertyPartShape">
                    <Part file="PartShape6.brp"/>
                </Property>
            </Properties>
        </Object>
        <Object name="Cylinder004">
            <Properties Count="7">
                <Property name="Angle" type="App::PropertyAngle">
                    <Float value="360.000000000000"/>
                </Property>
                <Property name="ExpressionEngine" type="App::PropertyExpressionEngine">
                    <ExpressionEngine count="0">
                    </ExpressionEngine>
                </Property>
                <Property name="Height" type="App::PropertyLength">
                    <Float value="23.000000000000"/>
                </Property>
                <Property name="Label" type="App::PropertyString">
                    <String value="Cilindro004"/>
                </Property>
                <Property name="Placement" type="App::PropertyPlacement">
                    <PropertyPlacement Px="-50.000000000000" Py="-35.000000000000" Pz="9.000000000000" Q0="0.000000000000" Q1="0.707106781187" Q2="0.000000000000" Q3="0.707106781187"/>
                </Property>
                <Property name="Radius" type="App::PropertyLength">
                    <Float value="14.000000000000"/>
                </Property>
                <Property name="Shape" type="Part::PropertyPartShape">
                    <Part file="PartShape7.brp"/>
                </Property>
            </Properties>
        </Object>
        <Object name="Cut179">
            <Properties Count="6">
                <Property name="Base" type="App::PropertyLink">
                    <Link value="Cylinder004"/>
                </Property>
                <Property name="ExpressionEngine" type="App::PropertyExpressionEngine">
                    <ExpressionEngine count="0">
                    </ExpressionEngine>
                </Property>
                <Property name="Label" type="App::PropertyString">
                    <String value="Cut179"/>
                </Property>
                <Property name="Placement" type="App::PropertyPlacement">
                    <PropertyPlacement Px="0.000000000000" Py="0.000000000000" Pz="0.000000000000" Q0="0.000000000000" Q1="0.000000000000" Q2="0.000000000000" Q3="1.000000000000"/>
                </Property>
                <Property name="Shape" type="Part::PropertyPartShape">
                    <Part file="PartShape8.brp"/>
                </Property>
                <Property name="Tool" type="App::PropertyLink">
                    <Link value="Cylinder001"/>
                </Property>
            </Properties>
        </Object>
        <Object name="Cylinder005">
            <Properties Count="7">
                <Property name="Angle" type="App::PropertyAngle">
                    <Float value="360.000000000000"/>
                </Property>
                <Property name="ExpressionEngine" type="App::PropertyExpressionEngine">
                    <ExpressionEngine count="0">
                    </ExpressionEngine>
                </Property>
                <Property name="Height" type="App::PropertyLength">
                    <Float value="23.000000000000"/>
                </Property>
                <Property name="Label" type="App::PropertyString">
                    <String value="Cilindro005"/>
                </Property>
                <Property name="Placement" type="App::PropertyPlacement">
                    <PropertyPlacement Px="-50.000000000000" Py="-35.000000000000" Pz="9.000000000000" Q0="0.000000000000" Q1="0.707106781187" Q2="0.000000000000" Q3="0.707106781187"/>
                </Property>
                <Property name="Radius" type="App::PropertyLength">
                    <Float value="14.000000000000"/>
                </Property>
                <Property name="Shape" type="Part::PropertyPartShape">
                    <Part file="PartShape9.brp"/>
                </Property>
            </Properties>
        </Object>
        <Object name="Cut005">
            <Properties Count="6">
                <Property name="Base" type="App::PropertyLink">
                    <Link value="Cylinder"/>
                </Property>
                <Property name="ExpressionEngine" type="App::PropertyExpressionEngine">
                    <ExpressionEngine count="0">
                    </ExpressionEngine>
                </Property>
                <Property name="Label" type="App::PropertyString">
                    <String value="Cut005"/>
                </Property>
                <Property name="Placement" type="App::PropertyPlacement">
                    <PropertyPlacement Px="0.000000000000" Py="0.000000000000" Pz="0.000000000000" Q0="0.000000000000" Q1="0.000000000000" Q2="0.000000000000" Q3="1.000000000000"/>
                </Property>
                <Property name="Shape" type="Part::PropertyPartShape">
                    <Part file="PartShape10.brp"/>
                </Property>
                <Property name="Tool" type="App::PropertyLink">
                    <Link value="Cylinder005"/>
                </Property>
            </Properties>
        </Object>
        <Object name="Fusion066">
            <Properties Count="5">
                <Property name="ExpressionEngine" type="App::PropertyExpressionEngine">
                    <ExpressionEngine count="0">
                    </ExpressionEngine>
                </Property>
                <Property name="Label" type="App::PropertyString">
                    <String value="Fusion066"/>
                </Property>
                <Property name="Placement" type="App::PropertyPlacement">
                    <PropertyPlacement Px="0.000000000000" Py="0.000000000000" Pz="0.000000000000" Q0="0.000000000000" Q1="0.000000000000" Q2="0.000000000000" Q3="1.000000000000"/>
                </Property>
                <Property name="Shape" type="Part::PropertyPartShape">
                    <Part file="PartShape11.brp"/>
                </Property>
                <Property name="Shapes" type="App::PropertyLinkList">
                    <LinkList count="2">
                        <Link value="Cut005"/>
                        <Link value="Cut179"/>
                    </LinkList>
                </Property>
            </Properties>
        </Object>
        <Object name="Cylinder006">
            <Properties Count="7">
                <Property name="Angle" type="App::PropertyAngle">
                    <Float value="360.000000000000"/>
                </Property>
                <Property name="ExpressionEngine" type="App::PropertyExpressionEngine">
                    <ExpressionEngine count="0">
                    </ExpressionEngine>
                </Property>
                <Property name="Height" type="App::PropertyLength">
                    <Float value="10.000000000000"/>
                </Property>
                <Property name="Label" type="App::PropertyString">
                    <String value="Cilindro006"/>
                </Property>
                <Property name="Placement" type="App::PropertyPlacement">
                    <PropertyPlacement Px="-35.000000000000" Py="-35.000000000000" Pz="9.000000000000" Q0="0.000000000000" Q1="0.707106781187" Q2="0.000000000000" Q3="0.707106781187"/>
                </Property>
                <Property name="Radius" type="App::PropertyLength">
                    <Float value="1.500000000000"/>
                </Property>
                <Property name="Shape" type="Part::PropertyPartShape">
                    <Part file="PartShape12.brp"/>
                </Property>
            </Properties>
        </Object>
        <Object name="Cut006">
            <Properties Count="6">
                <Property name="Base" type="App::PropertyLink">
                    <Link value="Fusion066"/>
                </Property>
                <Property name="ExpressionEngine" type="App::PropertyExpressionEngine">
                    <ExpressionEngine count="0">
                    </ExpressionEngine>
                </Property>
                <Property name="Label" type="App::PropertyString">
                    <String value="RUEDA"/>
                </Property>
                <Property name="Placement" type="App::PropertyPlacement">
                    <PropertyPlacement Px="0.000000000000" Py="0.000000000000" Pz="0.000000000000" Q0="0.000000000000" Q1="0.000000000000" Q2="0.000000000000" Q3="1.000000000000"/>
                </Property>
                <Property name="Shape" type="Part::PropertyPartShape">
                    <Part file="PartShape13.brp"/>
                </Property>
                <Property name="Tool" type="App::PropertyLink">
                    <Link value="Cylinder006"/>
                </Property>
            </Properties>
        </Object>
        <Object name="Cylinder073">
            <Properties Count="7">
                <Property name="Angle" type="App::PropertyAngle">
                    <Float value="360.000000000000"/>
                </Property>
                <Property name="ExpressionEngine" type="App::PropertyExpressionEngine">
                    <ExpressionEngine count="0">
                    </ExpressionEngine>
                </Property>
                <Property name="Height" type="App::PropertyLength">
                    <Float value="15.000000000000"/>
                </Property>
                <Property name="Label" type="App::PropertyString">
                    <String value="Cilindro073"/>
                </Property>
                <Property name="Placement" type="App::PropertyPlacement">
                    <PropertyPlacement Px="2.500000000000" Py="-35.000000000000" Pz="9.000000000000" Q0="0.000000000000" Q1="0.707106781187" Q2="0.000000000000" Q3="0.707106781187"/>
                </Property>
                <Property name="Radius" type="App::PropertyLength">
                    <Float value="6.000000000000"/>
                </Property>
                <Property name="Shape" type="Part::PropertyPartShape">
                    <Part file="PartShape14.brp"/>
                </Property>
            </Properties>
        </Object>
        <Object name="Box043">
            <Properties Count="7">
                <Property name="ExpressionEngine" type="App::PropertyExpressionEngine">
                    <ExpressionEngine count="0">
                    </ExpressionEngine>
                </Property>
                <Property name="Height" type="App::PropertyLength">
                    <Float value="10.000000000000"/>
                </Property>
                <Property name="Label" type="App::PropertyString">
                    <String value="Cubo043"/>
                </Property>
                <Property name="Length" type="App::PropertyLength">
                    <Float value="9.000000000000"/>
                </Property>
                <Property name="Placement" type="App::PropertyPlacement">
                    <PropertyPlacement Px="17.500000000000" Py="-41.000000000000" Pz="4.000000000000" Q0="0.000000000000" Q1="0.000000000000" Q2="0.000000000000" Q3="1.000000000000"/>
                </Property>
                <Property name="Shape" type="Part::PropertyPartShape">
                    <Part file="PartShape15.brp"/>
                </Property>
                <Property name="Width" type="App::PropertyLength">
                    <Float value="12.000000000000"/>
                </Property>
            </Properties>
        </Object>
        <Object name="Box044">
            <Properties Count="7">
                <Property name="ExpressionEngine" type="App::PropertyExpressionEngine">
                    <ExpressionEngine count="0">
                    </ExpressionEngine>
                </Property>
                <Property name="Height" type="App::PropertyLength">
                    <Float value="2.000000000000"/>
                </Property>
                <Property name="Label" type="App::PropertyString">
                    <String value="Cubo044"/>
                </Property>
                <Property name="Length" type="App::PropertyLength">
                    <Float value="24.000000000000"/>
                </Property>
                <Property name="Placement" type="App::PropertyPlacement">
                    <PropertyPlacement Px="2.500000000000" Py="-41.000000000000" Pz="14.000000000000" Q0="0.000000000000" Q1="0.000000000000" Q2="0.000000000000" Q3="1.000000000000"/>
                </Property>
                <Property name="Shape" type="Part::PropertyPartShape">
                    <Part file="PartShape16.brp"/>
                </Property>
                <Property name="Width" type="App::PropertyLength">
                    <Float value="12.000000000000"/>
                </Property>
            </Properties>
        </Object>
        <Object name="Box045">
            <Properties Count="7">
                <Property name="ExpressionEngine" type="App::PropertyExpressionEngine">
                    <ExpressionEngine count="0">
                    </ExpressionEngine>
                </Property>
                <Property name="Height" type="App::PropertyLength">
                    <Float value="2.000000000000"/>
                </Property>
                <Property name="Label" type="App::PropertyString">
                    <String value="Cubo045"/>
                </Property>
                <Property name="Length" type="App::PropertyLength">
                    <Float value="24.000000000000"/>
                </Property>
                <Property name="Placement" type="App::PropertyPlacement">
                    <PropertyPlacement Px="2.500000000000" Py="-41.000000000000" Pz="2.000000000000" Q0="0.000000000000" Q1="0.000000000000" Q2="0.000000000000" Q3="1.000000000000"/>
                </Property>
                <Property name="Shape" type="Part::PropertyPartShape">
                    <Part file="PartShape17.brp"/>
                </Property>
                <Property name="Width" type="App::PropertyLength">
                    <Float value="12.000000000000"/>
                </Property>
            </Properties>
        </Object>
        <Object name="Fusion033">
            <Properties Count="5">
                <Property name="ExpressionEngine" type="App::PropertyExpressionEngine">
                    <ExpressionEngine count="0">
                    </ExpressionEngine>
                </Property>
                <Property name="Label" type="App::PropertyString">
                    <String value="Fusion033"/>
                </Property>
                <Property name="Placement" type="App::PropertyPlacement">
                    <PropertyPlacement Px="0.000000000000" Py="0.000000000000" Pz="0.000000000000" Q0="0.000000000000" Q1="0.000000000000" Q2="0.000000000000" Q3="1.000000000000"/>
                </Property>
                <Property name="Shape" type="Part::PropertyPartShape">
                    <Part file="PartShape18.brp"/>
                </Property>
                <Property name="Shapes" type="App::PropertyLinkList">
                    <LinkList count="2">
                        <Link value="Box043"/>
                        <Link value="Cylinder073"/>
                    </LinkList>
                </Property>
            </Properties>
        </Object>
        <Object name="Cut046">
            <Properties Count="6">
                <Property name="Base" type="App::PropertyLink">
                    <Link value="Fusion033"/>
                </Property>
                <Property name="ExpressionEngine" type="App::PropertyExpressionEngine">
                    <ExpressionEngine count="0">
                    </ExpressionEngine>
                </Property>
                <Property name="Label" type="App::PropertyString">
                    <String value="Cut046"/>
                </Property>
                <Property name="Placement" type="App::PropertyPlacement">
                    <PropertyPlacement Px="0.000000000000" Py="0.000000000000" Pz="0.000000000000" Q0="0.000000000000" Q1="0.000000000000" Q2="0.000000000000" Q3="1.000000000000"/>
                </Property>
                <Property name="Shape" type="Part::PropertyPartShape">
                    <Part file="PartShape19.brp"/>
                </Property>
                <Property name="Tool" type="App::PropertyLink">
                    <Link value="Box044"/>
                </Property>
            </Properties>
        </Object>
        <Object name="Cut047">
            <Properties Count="6">
                <Property name="Base" type="App::PropertyLink">
                    <Link value="Cut046"/>
                </Property>
                <Property name="ExpressionEngine" type="App::PropertyExpressionEngine">
                    <ExpressionEngine count="0">
                    </ExpressionEngine>
                </Property>
                <Property name="Label" type="App::PropertyString">
                    <String value="Cut047"/>
                </Property>
                <Property name="Placement" type="App::PropertyPlacement">
                    <PropertyPlacement Px="0.000000000000" Py="0.000000000000" Pz="0.000000000000" Q0="0.000000000000" Q1="0.000000000000" Q2="0.000000000000" Q3="1.000000000000"/>
                </Property>
                <Property name="Shape" type="Part::PropertyPartShape">
                    <Part file="PartShape20.brp"/>
                </Property>
                <Property name="Tool" type="App::PropertyLink">
                    <Link value="Box045"/>
                </Property>
            </Properties>
        </Object>
        <Object name="Cylinder074">
            <Properties Count="7">
                <Property name="Angle" type="App::PropertyAngle">
                    <Float value="360.000000000000"/>
                </Property>
                <Property name="ExpressionEngine" type="App::PropertyExpressionEngine">
                    <ExpressionEngine count="0">
                    </ExpressionEngine>
                </Property>
                <Property name="Height" type="App::PropertyLength">
                    <Float value="10.000000000000"/>
                </Property>
                <Property name="Label" type="App::PropertyString">
                    <String value="Cilindro074"/>
                </Property>
                <Property name="Placement" type="App::PropertyPlacement">
                    <PropertyPlacement Px="17.000000000000" Py="-35.000000000000" Pz="9.000000000000" Q0="0.000000000000" Q1="0.707106781187" Q2="0.000000000000" Q3="0.707106781187"/>
                </Property>
                <Property name="Radius" type="App::PropertyLength">
                    <Float value="2.000000000000"/>
                </Property>
                <Property name="Shape" type="Part::PropertyPartShape">
                    <Part file="PartShape21.brp"/>
                </Property>
            </Properties>
        </Object>
        <Object name="Cylinder075">
            <Properties Count="7">
                <Property name="Angle" type="App::PropertyAngle">
                    <Float value="360.000000000000"/>
                </Property>
                <Property name="ExpressionEngine" type="App::PropertyExpressionEngine">
                    <ExpressionEngine count="0">
                    </ExpressionEngine>
                </Property>
                <Property name="Height" type="App::PropertyLength">
                    <Float value="10.000000000000"/>
                </Property>
                <Property name="Label" type="App::PropertyString">
                    <String value="Cilindro075"/>
                </Property>
                <Property name="Placement" type="App::PropertyPlacement">
                    <PropertyPlacement Px="17.000000000000" Py="-35.000000000000" Pz="9.000000000000" Q0="0.000000000000" Q1="0.707106781187" Q2="0.000000000000" Q3="0.707106781187"/>
                </Property>
                <Property name="Radius" type="App::PropertyLength">
                    <Float value="1.800000000000"/>
                </Property>
                <Property name="Shape" type="Part::PropertyPartShape">
                    <Part file="PartShape22.brp"/>
                </Property>
            </Properties>
        </Object>
        <Object name="Cylinder076">
            <Properties Count="7">
                <Property name="Angle" type="App::PropertyAngle">
                    <Float value="360.000000000000"/>
                </Property>
                <Property name="ExpressionEngine" type="App::PropertyExpressionEngine">
                    <ExpressionEngine count="0">
                    </ExpressionEngine>
                </Property>
                <Property name="Height" type="App::PropertyLength">
                    <Float value="10.000000000000"/>
                </Property>
                <Property name="Label" type="App::PropertyString">
                    <String value="Cilindro076"/>
                </Property>
                <Property name="Placement" type="App::PropertyPlacement">
                    <PropertyPlacement Px="26.000000000000" Py="-35.000000000000" Pz="9.000000000000" Q0="0.000000000000" Q1="0.707106781187" Q2="0.000000000000" Q3="0.707106781187"/>
                </Property>
                <Property name="Radius" type="App::PropertyLength">
                    <Float value="1.500000000000"/>
                </Property>
                <Property name="Shape" type="Part::PropertyPartShape">
                    <Part file="PartShape23.brp"/>
                </Property>
            </Properties>
        </Object>
        <Object name="Fusion034">
            <Properties Count="5">
                <Property name="ExpressionEngine" type="App::PropertyExpressionEngine">
                    <ExpressionEngine count="0">
                    </ExpressionEngine>
                </Property>
                <Property name="Label" type="App::PropertyString">
                    <String value="Motor 1"/>
                </Property>
                <Property name="Placement" type="App::PropertyPlacement">
                    <PropertyPlacement Px="0.000000000000" Py="0.000000000000" Pz="0.000000000000" Q0="0.000000000000" Q1="0.000000000000" Q2="0.000000000000" Q3="1.000000000000"/>
                </Property>
                <Property name="Shape" type="Part::PropertyPartShape">
                    <Part file="PartShape24.brp"/>
                </Property>
                <Property name="Shapes" type="App::PropertyLinkList">
                    <LinkList count="4">
                        <Link value="Cut047"/>
                        <Link value="Cylinder074"/>
                        <Link value="Cylinder075"/>
                        <Link value="Cylinder076"/>
                    </LinkList>
                </Property>
            </Properties>
        </Object>
        <Object name="Box123">
            <Properties Count="7">
                <Property name="ExpressionEngine" type="App::PropertyExpressionEngine">
                    <ExpressionEngine count="0">
                    </ExpressionEngine>
                </Property>
                <Property name="Height" type="App::PropertyLength">
                    <Float value="2.000000000000"/>
                </Property>
                <Property name="Label" type="App::PropertyString">
                    <String value="Cubo121"/>
                </Property>
                <Property name="Length" type="App::PropertyLength">
                    <Float value="33.000000000000"/>
                </Property>
                <Property name="Placement" type="App::PropertyPlacement">
                    <PropertyPlacement Px="0.000000000000" Py="0.000000000000" Pz="0.000000000000" Q0="0.000000000000" Q1="0.000000000000" Q2="0.000000000000" Q3="1.000000000000"/>
                </Property>
                <Property name="Shape" type="Part::PropertyPartShape">
                    <Part file="PartShape25.brp"/>
                </Property>
                <Property name="Width" type="App::PropertyLength">
                    <Float value="12.000000000000"/>
                </Property>
            </Properties>
        </Object>
        <Object name="Box124">
            <Properties Count="7">
                <Property name="ExpressionEngine" type="App::PropertyExpressionEngine">
                    <ExpressionEngine count="0">
                    </ExpressionEngine>
                </Property>
                <Property name="Height" type="App::PropertyLength">
                    <Float value="7.000000000000"/>
                </Property>
                <Property name="Label" type="App::PropertyString">
                    <String value="Cubo122"/>
                </Property>
                <Property name="Length" type="App::PropertyLength">
                    <Float value="22.000000000000"/>
                </Property>
                <Property name="Placement" type="App::PropertyPlacement">
                    <PropertyPlacement Px="3.000000000000" Py="1.500000000000" Pz="2.000000000000" Q0="0.000000000000" Q1="0.000000000000" Q2="0.000000000000" Q3="1.000000000000"/>
                </Property>
                <Property name="Shape" type="Part::PropertyPartShape">
                    <Part file="PartShape26.brp"/>
                </Property>
                <Property name="Width" type="App::PropertyLength">
                    <Float value="9.000000000000"/>
                </Property>
            </Properties>
        </Object>
        <Object name="Cylinder129">
            <Properties Count="7">
                <Property name="Angle" type="App::PropertyAngle">
                    <Float value="360.000000000000"/>
                </Property>
                <Property name="ExpressionEngine" type="App::PropertyExpressionEngine">
                    <ExpressionEngine count="0">
                    </ExpressionEngine>
                </Property>
                <Property name="Height" type="App::PropertyLength">
                    <Float value="10.000000000000"/>
                </Property>
                <Property name="Label" type="App::PropertyString">
                    <String value="Cilindro129"/>
                </Property>
                <Property name="Placement" type="App::PropertyPlacement">
                    <PropertyPlacement Px="28.500000000000" Py="6.000000000000" Pz="0.000000000000" Q0="0.000000000000" Q1="0.000000000000" Q2="0.000000000000" Q3="1.000000000000"/>
                </Property>
                <Property name="Radius" type="App::PropertyLength">
                    <Float value="2.000000000000"/>
                </Property>
                <Property name="Shape" type="Part::PropertyPartShape">
                    <Part file="PartShape27.brp"/>
                </Property>
            </Properties>
        </Object>
        <Object name="Fusion053">
            <Properties Count="5">
                <Property name="ExpressionEngine" type="App::PropertyExpressionEngine">
                    <ExpressionEngine count="0">
                    </ExpressionEngine>
                </Property>
                <Property name="Label" type="App::PropertyString">
                    <String value="Fusion053"/>
                </Property>
                <Property name="Placement" type="App::PropertyPlacement">
                    <PropertyPlacement Px="0.000000000000" Py="0.000000000000" Pz="0.000000000000" Q0="0.000000000000" Q1="0.000000000000" Q2="0.000000000000" Q3="1.000000000000"/>
                </Property>
                <Property name="Shape" type="Part::PropertyPartShape">
                    <Part file="PartShape28.brp"/>
                </Property>
                <Property name="Shapes" type="App::PropertyLinkList">
                    <LinkList count="2">
                        <Link value="Box124"/>
                        <Link value="Box123"/>
                    </LinkList>
                </Property>
            </Properties>
        </Object>
        <Object name="Cut141">
            <Properties Count="6">
                <Property name="Base" type="App::PropertyLink">
                    <Link value="Fusion053"/>
                </Property>
                <Property name="ExpressionEngine" type="App::PropertyExpressionEngine">
                    <ExpressionEngine count="0">
                    </ExpressionEngine>
                </Property>
                <Property name="Label" type="App::PropertyString">
                    <String value="SHARP 1"/>
                </Property>
                <Property name="Placement" type="App::PropertyPlacement">
                    <PropertyPlacement Px="-37.500000000000" Py="15.000000000000" Pz="7.000000000000" Q0="0.500000000000" Q1="-0.500000000000" Q2="-0.500000000000" Q3="0.500000000000"/>
                </Property>
                <Property name="Shape" type="Part::PropertyPartShape">
                    <Part file="PartShape29.brp"/>
                </Property>
                <Property name="Tool" type="App::PropertyLink">
                    <Link value="Cylinder129"/>
                </Property>
            </Properties>
        </Object>
    </ObjectData>
</Document>
